{
    "bleu": 0.23276260990282277,
    "bleu-1": 0.17456021650879566,
    "bleu-4": 0.21414913957934992,
    "bertscore-precision": 0.23907766990291263,
    "bertscore-recall": 0.23179611650485438,
    "bertscore-f1": 0.23604368932038836,
    "comet": 0.2926608275445485
}