{
    "bleu": 0.15010444643390033,
    "bleu-1": 0.1539838854073411,
    "bleu-4": 0.13369143539242018,
    "bertscore-precision": 0.23515368546702478,
    "bertscore-recall": 0.22799164428528798,
    "bertscore-f1": 0.2321695016413011,
    "comet": 0.2891674127126231
}